-- phpMyAdmin SQL Dump
-- version 4.0.10.14
-- http://www.phpmyadmin.net
--
-- Anamakine: 192.168.2.2:3306
-- Üretim Zamanı: 22 Haz 2016, 15:18:23
-- Sunucu sürümü: 5.5.35
-- PHP Sürümü: 5.4.31

SET SQL_MODE = "NO_AUTO_VALUE_ON_ZERO";
SET time_zone = "+00:00";


/*!40101 SET @OLD_CHARACTER_SET_CLIENT=@@CHARACTER_SET_CLIENT */;
/*!40101 SET @OLD_CHARACTER_SET_RESULTS=@@CHARACTER_SET_RESULTS */;
/*!40101 SET @OLD_COLLATION_CONNECTION=@@COLLATION_CONNECTION */;
/*!40101 SET NAMES utf8 */;

--
-- Veritabanı: `envayeco_dbygskonulari`
--

-- --------------------------------------------------------

--
-- Tablo için tablo yapısı `dersler`
--

CREATE TABLE IF NOT EXISTS `dersler` (
  `dersId` int(11) NOT NULL AUTO_INCREMENT,
  `dersAdi` varchar(255) NOT NULL,
  PRIMARY KEY (`dersId`)
) ENGINE=MyISAM  DEFAULT CHARSET=utf8 AUTO_INCREMENT=10 ;

--
-- Tablo döküm verisi `dersler`
--

INSERT INTO `dersler` (`dersId`, `dersAdi`) VALUES
(1, 'Türkçe'),
(2, 'Tarih'),
(3, 'Coğrafya'),
(4, 'Felsefe'),
(5, 'Matematik'),
(6, 'Geometri'),
(7, 'Fizik'),
(8, 'Kimya'),
(9, 'Biyoloji');

-- --------------------------------------------------------

--
-- Tablo için tablo yapısı `konular`
--

CREATE TABLE IF NOT EXISTS `konular` (
  `konuID` int(11) NOT NULL AUTO_INCREMENT,
  `konuAdi` varchar(255) NOT NULL,
  `dersId` int(11) NOT NULL,
  PRIMARY KEY (`konuID`)
) ENGINE=MyISAM  DEFAULT CHARSET=utf8 AUTO_INCREMENT=150 ;

--
-- Tablo döküm verisi `konular`
--

INSERT INTO `konular` (`konuID`, `konuAdi`, `dersId`) VALUES
(12, 'Paragraf', 1),
(11, 'Cümle Anlamı', 1),
(10, 'Sözcük Anlamı', 1),
(13, 'Anlatım Bozukluğu', 1),
(14, 'Yazım kuralları', 1),
(15, 'Noktalama işaretleri', 1),
(16, 'Dil Bilgisi', 1),
(17, 'Deyim ve Atasözü', 1),
(18, 'Ses Olayı', 1),
(19, 'Rasyonel Sayılar', 5),
(20, 'OBEB-OKEK', 5),
(21, 'Köklü İfadeler', 5),
(22, 'Çarpanlara Ayırma', 5),
(23, 'Üslü İfadeler', 5),
(24, 'Denklem Çözme', 5),
(25, 'Denklem Kurma', 5),
(26, 'Basit Eşitsizlikler', 5),
(27, 'Bölünebilme Kuralları', 5),
(28, 'Fonksiyonlar', 5),
(29, 'Mantık', 5),
(30, 'Kümeler', 5),
(31, 'İşlem', 5),
(32, 'Sayı Basamakları', 5),
(33, 'Temel Kavramlar', 5),
(34, 'Problemler', 5),
(35, 'Modüler Aritmatik', 5),
(36, 'Mutlak Değer', 5),
(37, 'Mutlak Değer', 5),
(38, 'Oran-Orantı', 5),
(39, 'Kombinasyon', 5),
(40, 'Olasılık', 5),
(41, 'Açı-Kenar Bağıntıları', 6),
(42, 'Dikdörtgen', 6),
(43, 'Eşkenar Dörtgen', 6),
(44, 'Daire', 6),
(45, 'Düzgün Altıgen', 6),
(46, 'Çokgenler', 6),
(47, 'Yamuk', 6),
(48, 'Katı Cisimler', 6),
(49, 'Çember', 6),
(50, 'Analitik Geometri', 6),
(51, 'Grafik Okuma', 6),
(52, 'Fiziğin Doğası', 7),
(53, 'Madde Ve Özellikleri', 7),
(54, 'Isı Ve Sıcaklık', 7),
(55, 'Optik', 7),
(56, 'Ses', 7),
(57, 'Basınç', 7),
(58, 'Basit Makine', 7),
(59, 'Sıvıların Kaldırma İlkesi', 7),
(60, 'Doğrusal Hareket - Bağıl Hareket', 7),
(61, 'Dinamik', 7),
(62, 'Kütle Merkezi', 7),
(63, 'Kütle Merkezi', 7),
(64, 'İş ve Enerji', 7),
(65, 'Elektrik Akımı', 7),
(66, 'Mıknatıs', 7),
(67, 'Transformatör', 7),
(68, 'Elektrostatik', 7),
(69, 'Madde Ve Özellikleri', 8),
(70, 'Atomun Yapısı', 8),
(71, 'Periyodik Tablo', 8),
(72, 'Kimyasal Denklemler', 8),
(73, 'Kimyasal Denklemler', 8),
(74, 'Bileşikler', 8),
(75, 'Çözünürlük', 8),
(76, 'Kimya Kanunları', 8),
(77, 'Hayatımız Kimya', 8),
(78, 'Karışım', 8),
(79, 'Kimyasal Değişimler', 8),
(80, 'Kimyasal Bağlar', 8),
(81, 'Canlıların Temel Bileşenleri', 9),
(82, 'Hücrenin Yapısı', 9),
(83, 'Endokrin Sistem', 9),
(84, 'Ekoloji', 9),
(85, 'Hücre', 9),
(86, 'Madde Geçişleri', 9),
(88, 'Nükleik Asitler', 9),
(89, 'Sınıflandırma', 9),
(90, 'Virüsler', 9),
(91, 'Bakteri', 9),
(92, 'Enzimler', 9),
(93, 'Bitki Biyolojisi', 9),
(94, 'Kalıtım Ve Evrim', 9),
(95, 'Duyu Organları', 9),
(96, 'Metabolizma', 9),
(97, 'Sistemler', 9),
(98, 'İlk Çağ Medeniyetleri', 2),
(99, 'Tarih Bilimine Giriş', 2),
(100, 'İslam Öncesi Türk Tarihi', 2),
(101, 'İslam Tarihi', 2),
(102, 'Türkiye Selçuklu Devleti', 2),
(103, 'Türk İslam Tarihi', 2),
(104, 'Osmanlı Devleti''nin Yükselme Dönemi', 2),
(105, 'Yakın Çağ''da Avrupa', 2),
(106, 'Beylikler Devlete Osmanlı (1300-1453)', 2),
(107, 'En Uzun Yüzyıl (1800-1900)', 2),
(108, 'Yeniçağ''da Avrupa', 2),
(109, '19.Yüzyılda Osmanlı Devleti', 2),
(110, '19.Yüzyılda Osmanlı Devleti', 2),
(111, 'Osmanlı Kültür Ve Medeniyeti', 2),
(112, '20.Yüzyılda Osmanlı Devleti', 2),
(113, 'I.Dünya Savaşı', 2),
(114, 'Kurtuluş Savaşına Hazırlık', 2),
(115, 'Kurtuluş Savaşı', 2),
(116, 'Mondros, İşgaller Ve Cemiyetler', 2),
(117, 'I.TBMM Dönemi', 2),
(118, 'Kurtuluş Savaşı', 2),
(119, 'ıı.TBMM Dönemi', 2),
(120, 'Atatürk İlke Ve İnkılapları', 2),
(121, 'Dış Politika', 2),
(122, 'Jeopolitik Konum', 2),
(123, 'Milli Güvenlik Bilgisi', 2),
(124, 'Felsefenin Alanı', 4),
(125, 'Bigl Felsefesi', 4),
(126, 'Bilim Felsefesi', 4),
(127, 'Bilim Felsefesi', 4),
(128, 'Varlık Felsefesi', 4),
(129, 'Ahlak Felsefesi', 4),
(130, 'Siyaset Felsefesi', 4),
(131, 'Din Felsefesi', 4),
(132, 'Sanat Felsefesi', 4),
(133, 'Coğrafyanın Bölümleri', 3),
(134, 'Paralel-Meridyen Özellikleri', 3),
(135, 'Dünya''nın Şekli Ve Hareketleri', 3),
(136, 'Harita Bilgisi', 3),
(137, 'İklim Bilgisi', 3),
(138, 'Rüzgarlar', 3),
(139, 'Yer''in Şekillenmesi', 3),
(140, 'Nüfus Ve Yerleşme', 3),
(141, 'Nüfus Ve Yerleşme', 3),
(142, 'Ulaşım Yolları', 3),
(143, 'Ulaşım Yolları', 3),
(144, 'Ekonomik Faaliyetler', 3),
(145, 'Ortak Payda: Bölge', 3),
(146, 'Doğal Afetler', 3),
(147, 'Ulaşım Yolları', 3),
(148, 'Toprak Tipleri', 3),
(149, 'Çevre Ve İnsan', 3);

-- --------------------------------------------------------

--
-- Tablo için tablo yapısı `konuuye`
--

CREATE TABLE IF NOT EXISTS `konuuye` (
  `kuid` int(11) NOT NULL AUTO_INCREMENT,
  `uyeId` int(11) NOT NULL,
  `konuId` int(11) NOT NULL,
  `durum` int(11) NOT NULL,
  PRIMARY KEY (`kuid`)
) ENGINE=MyISAM  DEFAULT CHARSET=utf8 AUTO_INCREMENT=153 ;

--
-- Tablo döküm verisi `konuuye`
--

INSERT INTO `konuuye` (`kuid`, `uyeId`, `konuId`, `durum`) VALUES
(14, 0, 12, 0),
(15, 0, 11, 0),
(16, 0, 10, 2),
(17, 0, 13, 1),
(18, 0, 14, 0),
(19, 0, 15, 0),
(20, 0, 16, 0),
(21, 0, 17, 0),
(22, 0, 18, 0),
(23, 0, 19, 0),
(24, 0, 20, 0),
(25, 0, 21, 0),
(26, 0, 22, 0),
(27, 0, 23, 0),
(28, 0, 24, 0),
(29, 0, 25, 0),
(30, 0, 26, 0),
(31, 0, 27, 0),
(32, 0, 28, 0),
(33, 0, 29, 0),
(34, 0, 30, 0),
(35, 0, 31, 0),
(36, 0, 32, 0),
(37, 0, 33, 0),
(38, 0, 34, 0),
(39, 0, 35, 0),
(40, 0, 36, 0),
(41, 0, 37, 0),
(42, 0, 38, 0),
(43, 0, 39, 0),
(44, 0, 40, 0),
(45, 0, 41, 0),
(46, 0, 42, 0),
(47, 0, 43, 0),
(48, 0, 44, 0),
(49, 0, 45, 0),
(50, 0, 46, 0),
(51, 0, 47, 0),
(52, 0, 48, 0),
(53, 0, 49, 0),
(54, 0, 50, 0),
(55, 0, 51, 0),
(56, 0, 52, 0),
(57, 0, 53, 0),
(58, 0, 54, 0),
(59, 0, 55, 0),
(60, 0, 56, 0),
(61, 0, 57, 0),
(62, 0, 58, 0),
(63, 0, 59, 0),
(64, 0, 60, 0),
(65, 0, 61, 0),
(66, 0, 62, 0),
(67, 0, 63, 0),
(68, 0, 64, 0),
(69, 0, 65, 0),
(70, 0, 66, 0),
(71, 0, 67, 0),
(72, 0, 68, 0),
(73, 0, 69, 0),
(74, 0, 70, 0),
(75, 0, 71, 0),
(76, 0, 72, 0),
(77, 0, 73, 0),
(78, 0, 74, 0),
(79, 0, 75, 0),
(80, 0, 76, 0),
(81, 0, 77, 0),
(82, 0, 78, 0),
(83, 0, 79, 0),
(84, 0, 80, 0),
(85, 0, 81, 0),
(86, 0, 82, 0),
(87, 0, 83, 0),
(88, 0, 84, 0),
(89, 0, 85, 0),
(90, 0, 86, 0),
(91, 0, 88, 0),
(92, 0, 89, 0),
(93, 0, 90, 0),
(94, 0, 91, 0),
(95, 0, 92, 0),
(96, 0, 93, 0),
(97, 0, 94, 0),
(98, 0, 95, 0),
(99, 0, 96, 0),
(100, 0, 97, 0),
(101, 0, 98, 0),
(102, 0, 99, 0),
(103, 0, 100, 0),
(104, 0, 101, 0),
(105, 0, 102, 0),
(106, 0, 103, 0),
(107, 0, 104, 0),
(108, 0, 105, 0),
(109, 0, 106, 0),
(110, 0, 107, 0),
(111, 0, 108, 0),
(112, 0, 109, 0),
(113, 0, 110, 0),
(114, 0, 111, 0),
(115, 0, 112, 0),
(116, 0, 113, 0),
(117, 0, 114, 0),
(118, 0, 115, 0),
(119, 0, 116, 0),
(120, 0, 117, 0),
(121, 0, 118, 0),
(122, 0, 119, 0),
(123, 0, 120, 0),
(124, 0, 121, 0),
(125, 0, 122, 0),
(126, 0, 123, 0),
(127, 0, 124, 0),
(128, 0, 125, 0),
(129, 0, 126, 0),
(130, 0, 127, 0),
(131, 0, 128, 0),
(132, 0, 129, 0),
(133, 0, 130, 0),
(134, 0, 131, 0),
(135, 0, 132, 0),
(136, 0, 133, 0),
(137, 0, 134, 0),
(138, 0, 135, 0),
(139, 0, 136, 0),
(140, 0, 137, 0),
(141, 0, 138, 0),
(142, 0, 139, 0),
(143, 0, 140, 0),
(144, 0, 141, 0),
(145, 0, 142, 0),
(146, 0, 143, 0),
(147, 0, 144, 0),
(148, 0, 145, 0),
(149, 0, 146, 0),
(150, 0, 147, 0),
(151, 0, 148, 0),
(152, 0, 149, 0);

-- --------------------------------------------------------

--
-- Tablo için tablo yapısı `uyeler`
--

CREATE TABLE IF NOT EXISTS `uyeler` (
  `uyeid` int(11) NOT NULL DEFAULT '0',
  `email` varchar(255) NOT NULL,
  `sifre` varchar(255) NOT NULL,
  `isimsoyisim` varchar(255) NOT NULL,
  `kayittarihi` varchar(255) NOT NULL,
  `onay` int(11) NOT NULL,
  PRIMARY KEY (`uyeid`)
) ENGINE=MyISAM DEFAULT CHARSET=utf8;

--
-- Tablo döküm verisi `uyeler`
--

INSERT INTO `uyeler` (`uyeid`, `email`, `sifre`, `isimsoyisim`, `kayittarihi`, `onay`) VALUES
(0, 'erbekmetin@gmail.com', '1151159', 'Metin ERBEK', '2014/09/29', 0);

-- --------------------------------------------------------

--
-- Tablo için tablo yapısı `yilkonu`
--

CREATE TABLE IF NOT EXISTS `yilkonu` (
  `ykid` int(11) NOT NULL AUTO_INCREMENT,
  `yilId` int(11) NOT NULL,
  `konuId` int(11) NOT NULL,
  `sorusayisi` int(11) NOT NULL,
  PRIMARY KEY (`ykid`)
) ENGINE=MyISAM  DEFAULT CHARSET=utf8 AUTO_INCREMENT=579 ;

--
-- Tablo döküm verisi `yilkonu`
--

INSERT INTO `yilkonu` (`ykid`, `yilId`, `konuId`, `sorusayisi`) VALUES
(1, 2012, 5, 2),
(2, 2013, 5, 0),
(3, 2012, 6, 20),
(4, 2013, 6, 1),
(5, 1881, 6, 1),
(6, 2012, 7, 3),
(7, 2013, 7, 0),
(8, 1881, 7, 0),
(9, 2012, 8, 0),
(10, 2013, 8, 0),
(11, 1881, 8, 0),
(12, 2011, 8, 0),
(13, 2010, 8, 0),
(14, 2012, 9, 0),
(15, 2013, 9, 0),
(16, 1881, 9, 0),
(17, 2011, 9, 0),
(18, 2010, 9, 0),
(19, 2010, 10, 3),
(20, 2011, 10, 3),
(21, 2012, 10, 2),
(22, 2013, 10, 3),
(23, 2010, 11, 7),
(24, 2011, 11, 6),
(25, 2012, 11, 7),
(26, 2013, 11, 7),
(27, 2010, 12, 20),
(28, 2011, 12, 20),
(29, 2012, 12, 23),
(30, 2013, 12, 20),
(31, 2010, 13, 1),
(32, 2011, 13, 1),
(33, 2012, 13, 0),
(34, 2013, 13, 1),
(35, 2010, 14, 2),
(36, 2011, 14, 2),
(37, 2012, 14, 0),
(38, 2013, 14, 2),
(39, 2010, 15, 2),
(40, 2011, 15, 2),
(41, 2012, 15, 1),
(42, 2013, 15, 1),
(43, 2010, 16, 5),
(44, 2011, 16, 5),
(45, 2012, 16, 5),
(46, 2013, 16, 5),
(47, 2010, 17, 0),
(48, 2011, 17, 0),
(49, 2012, 17, 1),
(50, 2013, 17, 0),
(51, 2010, 18, 1),
(52, 2011, 18, 1),
(53, 2012, 18, 1),
(54, 2013, 18, 1),
(55, 2010, 19, 2),
(56, 2011, 19, 4),
(57, 2012, 19, 2),
(58, 2013, 19, 1),
(59, 2010, 20, 1),
(60, 2011, 20, 0),
(61, 2012, 20, 5),
(62, 2013, 20, 2),
(63, 2010, 21, 2),
(64, 2011, 21, 1),
(65, 2012, 21, 2),
(66, 2013, 21, 0),
(67, 2010, 22, 2),
(68, 2011, 22, 3),
(69, 2012, 22, 0),
(70, 2013, 22, 1),
(71, 2010, 23, 3),
(72, 2011, 23, 3),
(73, 2012, 23, 3),
(74, 2013, 23, 1),
(75, 2010, 24, 2),
(76, 2011, 24, 0),
(77, 2012, 24, 4),
(78, 2013, 24, 3),
(79, 2010, 25, 0),
(80, 2011, 25, 0),
(81, 2012, 25, 0),
(82, 2013, 25, 10),
(83, 2010, 26, 1),
(84, 2011, 26, 0),
(85, 2012, 26, 1),
(86, 2013, 26, 1),
(87, 2010, 27, 1),
(88, 2011, 27, 1),
(89, 2012, 27, 0),
(90, 2013, 27, 0),
(91, 2010, 28, 1),
(92, 2011, 28, 2),
(93, 2012, 28, 1),
(94, 2013, 28, 2),
(95, 2010, 29, 1),
(96, 2011, 29, 1),
(97, 2012, 29, 0),
(98, 2013, 29, 1),
(99, 2010, 30, 0),
(100, 2011, 30, 0),
(101, 2012, 30, 1),
(102, 2013, 30, 0),
(103, 2010, 31, 1),
(104, 2011, 31, 2),
(105, 2012, 31, 1),
(106, 2013, 31, 1),
(107, 2010, 32, 1),
(108, 2011, 32, 1),
(109, 2012, 32, 2),
(110, 2013, 32, 2),
(111, 2010, 33, 1),
(112, 2011, 33, 0),
(113, 2012, 33, 0),
(114, 2013, 33, 2),
(115, 2010, 34, 10),
(116, 2011, 34, 10),
(117, 2012, 34, 5),
(118, 2013, 34, 0),
(119, 2010, 35, 1),
(120, 2011, 35, 0),
(121, 2012, 35, 0),
(122, 2013, 35, 0),
(123, 2010, 36, 0),
(124, 2011, 36, 1),
(125, 2012, 36, 1),
(126, 2013, 36, 1),
(127, 2010, 37, 0),
(128, 2011, 37, 0),
(129, 2012, 37, 0),
(130, 2013, 37, 0),
(131, 2010, 38, 0),
(132, 2011, 38, 3),
(133, 2012, 38, 3),
(134, 2013, 38, 2),
(135, 2010, 39, 0),
(136, 2011, 39, 0),
(137, 2012, 39, 0),
(138, 2013, 39, 1),
(139, 2010, 40, 1),
(140, 2011, 40, 1),
(141, 2012, 40, 1),
(142, 2013, 40, 1),
(143, 2010, 41, 1),
(144, 2011, 41, 2),
(145, 2012, 41, 1),
(146, 2013, 41, 0),
(147, 2010, 42, 1),
(148, 2011, 42, 0),
(149, 2012, 42, 0),
(150, 2013, 42, 1),
(151, 2010, 43, 0),
(152, 2011, 43, 1),
(153, 2012, 43, 1),
(154, 2013, 43, 1),
(155, 2010, 44, 0),
(156, 2011, 44, 0),
(157, 2012, 44, 1),
(158, 2013, 44, 0),
(159, 2010, 45, 0),
(160, 2011, 45, 0),
(161, 2012, 45, 1),
(162, 2013, 45, 0),
(163, 2010, 46, 0),
(164, 2011, 46, 0),
(165, 2012, 46, 0),
(166, 2013, 46, 1),
(167, 2010, 47, 1),
(168, 2011, 47, 0),
(169, 2012, 47, 0),
(170, 2013, 47, 1),
(171, 2010, 48, 1),
(172, 2011, 48, 0),
(173, 2012, 48, 1),
(174, 2013, 48, 1),
(175, 2010, 49, 2),
(176, 2011, 49, 2),
(177, 2012, 49, 1),
(178, 2013, 49, 1),
(179, 2010, 50, 2),
(180, 2011, 50, 2),
(181, 2012, 50, 2),
(182, 2013, 50, 2),
(183, 2010, 51, 1),
(184, 2011, 51, 0),
(185, 2012, 51, 0),
(186, 2013, 51, 0),
(187, 2010, 52, 0),
(188, 2011, 52, 0),
(189, 2012, 52, 0),
(190, 2013, 52, 1),
(191, 2010, 53, 2),
(192, 2011, 53, 2),
(193, 2012, 53, 1),
(194, 2013, 53, 0),
(195, 2010, 54, 2),
(196, 2011, 54, 2),
(197, 2012, 54, 1),
(198, 2013, 54, 2),
(199, 2010, 55, 2),
(200, 2011, 55, 2),
(201, 2012, 55, 2),
(202, 2013, 55, 1),
(203, 2010, 56, 0),
(204, 2011, 56, 0),
(205, 2012, 56, 0),
(206, 2013, 56, 1),
(207, 2010, 57, 1),
(208, 2011, 57, 0),
(209, 2012, 57, 1),
(210, 2013, 57, 1),
(211, 2010, 58, 0),
(212, 2011, 58, 1),
(213, 2012, 58, 1),
(214, 2013, 58, 0),
(215, 2010, 59, 1),
(216, 2011, 59, 1),
(217, 2012, 59, 1),
(218, 2013, 59, 1),
(219, 2010, 60, 1),
(220, 2011, 60, 1),
(221, 2012, 60, 1),
(222, 2013, 60, 1),
(223, 2010, 61, 1),
(224, 2011, 61, 1),
(225, 2012, 61, 0),
(226, 2013, 61, 1),
(227, 2010, 62, 1),
(228, 2011, 62, 1),
(229, 2012, 62, 0),
(230, 2013, 62, 0),
(231, 2010, 63, 0),
(232, 2011, 63, 0),
(233, 2012, 63, 0),
(234, 2013, 63, 0),
(235, 2010, 64, 1),
(236, 2011, 64, 0),
(237, 2012, 64, 2),
(238, 2013, 64, 1),
(239, 2010, 65, 1),
(240, 2011, 65, 1),
(241, 2012, 65, 3),
(242, 2013, 65, 3),
(243, 2010, 66, 1),
(244, 2011, 66, 0),
(245, 2012, 66, 1),
(246, 2013, 66, 1),
(247, 2010, 67, 0),
(248, 2011, 67, 1),
(249, 2012, 67, 0),
(250, 2013, 67, 0),
(251, 2010, 68, 0),
(252, 2011, 68, 1),
(253, 2012, 68, 0),
(254, 2013, 68, 0),
(255, 2010, 69, 4),
(256, 2011, 69, 3),
(257, 2012, 69, 2),
(258, 2013, 69, 1),
(259, 2010, 70, 3),
(260, 2011, 70, 2),
(261, 2012, 70, 1),
(262, 2013, 70, 1),
(263, 2010, 71, 1),
(264, 2011, 71, 4),
(265, 2012, 71, 0),
(266, 2013, 71, 1),
(267, 2010, 72, 2),
(268, 2011, 72, 2),
(269, 2012, 72, 2),
(270, 2013, 72, 0),
(271, 2010, 73, 0),
(272, 2011, 73, 0),
(273, 2012, 73, 0),
(274, 2013, 73, 0),
(275, 2010, 74, 1),
(276, 2011, 74, 1),
(277, 2012, 74, 2),
(278, 2013, 74, 4),
(279, 2010, 75, 2),
(280, 2011, 75, 1),
(281, 2012, 75, 1),
(282, 2013, 75, 2),
(283, 2010, 76, 0),
(284, 2011, 76, 0),
(285, 2012, 76, 1),
(286, 2013, 76, 0),
(287, 2010, 77, 0),
(288, 2011, 77, 0),
(289, 2012, 77, 1),
(290, 2013, 77, 1),
(291, 2010, 78, 0),
(292, 2011, 78, 0),
(293, 2012, 78, 1),
(294, 2013, 78, 0),
(295, 2010, 79, 0),
(296, 2011, 79, 0),
(297, 2012, 79, 0),
(298, 2013, 79, 2),
(299, 2010, 80, 0),
(300, 2011, 80, 0),
(301, 2012, 80, 2),
(302, 2013, 80, 1),
(303, 2010, 81, 1),
(304, 2011, 81, 1),
(305, 2012, 81, 1),
(306, 2013, 81, 1),
(307, 2010, 82, 1),
(308, 2011, 82, 2),
(309, 2012, 82, 1),
(310, 2013, 82, 0),
(311, 2010, 83, 0),
(312, 2011, 83, 0),
(313, 2012, 83, 0),
(314, 2013, 83, 1),
(315, 2010, 84, 2),
(316, 2011, 84, 1),
(317, 2012, 84, 1),
(318, 2013, 84, 2),
(319, 2010, 85, 2),
(320, 2011, 85, 1),
(321, 2012, 85, 0),
(322, 2013, 85, 3),
(323, 2010, 86, 0),
(324, 2011, 86, 1),
(325, 2012, 86, 1),
(326, 2013, 86, 0),
(327, 2010, 87, 0),
(328, 2011, 87, 0),
(329, 2012, 87, 0),
(330, 2013, 87, 0),
(331, 2010, 88, 0),
(332, 2011, 88, 0),
(333, 2012, 88, 1),
(334, 2013, 88, 0),
(335, 2010, 89, 1),
(336, 2011, 89, 0),
(337, 2012, 89, 1),
(338, 2013, 89, 0),
(339, 2010, 90, 1),
(340, 2011, 90, 0),
(341, 2012, 90, 0),
(342, 2013, 90, 0),
(343, 2010, 91, 0),
(344, 2011, 91, 0),
(345, 2012, 91, 0),
(346, 2013, 91, 2),
(347, 2010, 92, 1),
(348, 2011, 92, 0),
(349, 2012, 92, 2),
(350, 2013, 92, 0),
(351, 2010, 93, 3),
(352, 2011, 93, 3),
(353, 2012, 93, 2),
(354, 2013, 93, 1),
(355, 2010, 94, 1),
(356, 2011, 94, 2),
(357, 2012, 94, 2),
(358, 2013, 94, 1),
(359, 2010, 95, 0),
(360, 2011, 95, 0),
(361, 2012, 95, 0),
(362, 2013, 95, 1),
(363, 2010, 96, 0),
(364, 2011, 96, 0),
(365, 2012, 96, 0),
(366, 2013, 96, 1),
(367, 2010, 97, 0),
(368, 2011, 97, 2),
(369, 2012, 97, 1),
(370, 2013, 97, 0),
(371, 2010, 98, 0),
(372, 2011, 98, 0),
(373, 2012, 98, 1),
(374, 2013, 98, 0),
(375, 2010, 99, 1),
(376, 2011, 99, 1),
(377, 2012, 99, 1),
(378, 2013, 99, 0),
(379, 2010, 100, 1),
(380, 2011, 100, 1),
(381, 2012, 100, 1),
(382, 2013, 100, 1),
(383, 2010, 101, 1),
(384, 2011, 101, 1),
(385, 2012, 101, 1),
(386, 2013, 101, 1),
(387, 2010, 102, 0),
(388, 2011, 102, 0),
(389, 2012, 102, 0),
(390, 2013, 102, 1),
(391, 2010, 103, 0),
(392, 2011, 103, 0),
(393, 2012, 103, 1),
(394, 2013, 103, 0),
(395, 2010, 104, 1),
(396, 2011, 104, 1),
(397, 2012, 104, 1),
(398, 2013, 104, 0),
(399, 2010, 105, 0),
(400, 2011, 105, 0),
(401, 2012, 105, 0),
(402, 2013, 105, 1),
(403, 2010, 106, 0),
(404, 2011, 106, 0),
(405, 2012, 106, 0),
(406, 2013, 106, 1),
(407, 2010, 107, 0),
(408, 2011, 107, 0),
(409, 2012, 107, 0),
(410, 2013, 107, 1),
(411, 2010, 108, 1),
(412, 2011, 108, 0),
(413, 2012, 108, 0),
(414, 2013, 108, 0),
(415, 2010, 109, 1),
(416, 2011, 109, 2),
(417, 2012, 109, 1),
(418, 2013, 109, 0),
(419, 2010, 110, 0),
(420, 2011, 110, 0),
(421, 2012, 110, 0),
(422, 2013, 110, 0),
(423, 2010, 111, 2),
(424, 2011, 111, 1),
(425, 2012, 111, 1),
(426, 2013, 111, 0),
(427, 2010, 112, 1),
(428, 2011, 112, 0),
(429, 2012, 112, 1),
(430, 2013, 112, 1),
(431, 2010, 113, 0),
(432, 2011, 113, 2),
(433, 2012, 113, 0),
(434, 2013, 113, 0),
(435, 2010, 114, 1),
(436, 2011, 114, 1),
(437, 2012, 114, 1),
(438, 2013, 114, 2),
(439, 2010, 115, 0),
(440, 2011, 115, 0),
(441, 2012, 115, 0),
(442, 2013, 115, 1),
(443, 2010, 116, 1),
(444, 2011, 116, 1),
(445, 2012, 116, 0),
(446, 2013, 116, 0),
(447, 2010, 117, 1),
(448, 2011, 117, 1),
(449, 2012, 117, 1),
(450, 2013, 117, 0),
(451, 2010, 118, 1),
(452, 2011, 118, 1),
(453, 2012, 118, 3),
(454, 2013, 118, 0),
(455, 2010, 119, 1),
(456, 2011, 119, 0),
(457, 2012, 119, 0),
(458, 2013, 119, 0),
(459, 2010, 120, 2),
(460, 2011, 120, 3),
(461, 2012, 120, 2),
(462, 2013, 120, 2),
(463, 2010, 121, 0),
(464, 2011, 121, 0),
(465, 2012, 121, 1),
(466, 2013, 121, 1),
(467, 2010, 122, 0),
(468, 2011, 122, 0),
(469, 2012, 122, 0),
(470, 2013, 122, 1),
(471, 2010, 123, 1),
(472, 2011, 123, 1),
(473, 2012, 123, 1),
(474, 2013, 123, 0),
(475, 2010, 124, 1),
(476, 2011, 124, 2),
(477, 2012, 124, 2),
(478, 2013, 124, 2),
(479, 2010, 125, 2),
(480, 2011, 125, 1),
(481, 2012, 125, 2),
(482, 2013, 125, 1),
(483, 2010, 126, 1),
(484, 2011, 126, 1),
(485, 2012, 126, 1),
(486, 2013, 126, 1),
(487, 2010, 127, 0),
(488, 2011, 127, 0),
(489, 2012, 127, 0),
(490, 2013, 127, 0),
(491, 2010, 128, 1),
(492, 2011, 128, 2),
(493, 2012, 128, 1),
(494, 2013, 128, 1),
(495, 2010, 129, 1),
(496, 2011, 129, 1),
(497, 2012, 129, 1),
(498, 2013, 129, 1),
(499, 2010, 130, 1),
(500, 2011, 130, 1),
(501, 2012, 130, 1),
(502, 2013, 130, 1),
(503, 2010, 131, 0),
(504, 2011, 131, 0),
(505, 2012, 131, 0),
(506, 2013, 131, 0),
(507, 2010, 132, 2),
(508, 2011, 132, 1),
(509, 2012, 132, 1),
(510, 2013, 132, 1),
(511, 2010, 133, 0),
(512, 2011, 133, 0),
(513, 2012, 133, 0),
(514, 2013, 133, 1),
(515, 2010, 134, 1),
(516, 2011, 134, 1),
(517, 2012, 134, 2),
(518, 2013, 134, 0),
(519, 2010, 135, 1),
(520, 2011, 135, 1),
(521, 2012, 135, 0),
(522, 2013, 135, 0),
(523, 2010, 136, 1),
(524, 2011, 136, 1),
(525, 2012, 136, 1),
(526, 2013, 136, 1),
(527, 2010, 137, 2),
(528, 2011, 137, 2),
(529, 2012, 137, 3),
(530, 2013, 137, 1),
(531, 2010, 138, 0),
(532, 2011, 138, 0),
(533, 2012, 138, 0),
(534, 2013, 138, 1),
(535, 2010, 139, 3),
(536, 2011, 139, 3),
(537, 2012, 139, 2),
(538, 2013, 139, 2),
(539, 2010, 140, 3),
(540, 2011, 140, 2),
(541, 2012, 140, 2),
(542, 2013, 140, 1),
(543, 2010, 141, 0),
(544, 2011, 141, 0),
(545, 2012, 141, 0),
(546, 2013, 141, 0),
(547, 2010, 142, 1),
(548, 2011, 142, 0),
(549, 2012, 142, 0),
(550, 2013, 142, 0),
(551, 2010, 143, 0),
(552, 2011, 143, 0),
(553, 2012, 143, 0),
(554, 2013, 143, 0),
(555, 2010, 144, 0),
(556, 2011, 144, 1),
(557, 2012, 144, 1),
(558, 2013, 144, 0),
(559, 2010, 145, 0),
(560, 2011, 145, 0),
(561, 2012, 145, 1),
(562, 2013, 145, 1),
(563, 2010, 146, 2),
(564, 2011, 146, 2),
(565, 2012, 146, 1),
(566, 2013, 146, 1),
(567, 2010, 147, 0),
(568, 2011, 147, 0),
(569, 2012, 147, 0),
(570, 2013, 147, 1),
(571, 2010, 148, 0),
(572, 2011, 148, 0),
(573, 2012, 148, 0),
(574, 2013, 148, 1),
(575, 2010, 149, 0),
(576, 2011, 149, 1),
(577, 2012, 149, 1),
(578, 2013, 149, 1);

-- --------------------------------------------------------

--
-- Tablo için tablo yapısı `yillar`
--

CREATE TABLE IF NOT EXISTS `yillar` (
  `yilId` int(11) NOT NULL AUTO_INCREMENT,
  `yil` varchar(255) NOT NULL,
  `nerede` int(11) NOT NULL,
  PRIMARY KEY (`yilId`)
) ENGINE=MyISAM  DEFAULT CHARSET=utf8 AUTO_INCREMENT=15 ;

--
-- Tablo döküm verisi `yillar`
--

INSERT INTO `yillar` (`yilId`, `yil`, `nerede`) VALUES
(14, '2010', 0),
(13, '2011', 0),
(12, '2012', 0),
(11, '2013', 1);

/*!40101 SET CHARACTER_SET_CLIENT=@OLD_CHARACTER_SET_CLIENT */;
/*!40101 SET CHARACTER_SET_RESULTS=@OLD_CHARACTER_SET_RESULTS */;
/*!40101 SET COLLATION_CONNECTION=@OLD_COLLATION_CONNECTION */;
